,height,v,ori,s0,ball_d,g,unit,s_expect,scale
0,1.0,2.4,left,0,0.05715,9.8,m,1.0842094834863014,800.0
1,1.0,1.2,right,0,0.05715,9.8,m,0.5421047417431507,800.0
2,1.0,2.4,right,1,0.05715,9.8,m,1.0842094834863014,800.0
3,0.5,2.4,right,1,0.05715,9.8,m,0.7666518779999277,800.0
4,0.5,1.2,right,1,0.05715,9.8,m,0.38332593899996387,800.0
5,1.0,1.2,left,0,0.05715,9.8,m,0.5421047417431507,800.0
6,0.5,2.4,left,1,0.05715,9.8,m,0.7666518779999277,800.0
7,0.5,1.2,left,1,0.05715,9.8,m,0.38332593899996387,800.0
