,height,v,ori,s0,ball_d,g,unit,s_expect,start_x,scale
0,1.0,1.5,right,1,0.05715,9.8,m,0.6776309271789384,1.7,800.0
1,0.5,1.5,left,1,0.05715,9.8,m,0.47915742374995485,2.0,800.0
2,1.0,2.0,right,0,0.05715,9.8,m,0.9035079029052512,1.7,800.0
3,1.0,1.5,left,1,0.05715,9.8,m,0.6776309271789384,1.7,800.0
4,1.0,2.0,left,0,0.05715,9.8,m,0.9035079029052512,1.7,800.0
5,0.5,1.5,right,0,0.05715,9.8,m,0.47915742374995485,2.0,800.0
6,0.5,2.0,left,0,0.05715,9.8,m,0.6388765649999398,2.0,800.0
7,0.5,2.0,right,1,0.05715,9.8,m,0.6388765649999398,2.0,800.0
