,height,v,ori,s0,ball_d,g,unit,s_expect,scale
0,1.2,1.5,right,1,0.05715,9.8,m,0.7423074889580902,800.0
1,0.8,1.5,left,0,0.05715,9.8,m,0.6060915267313264,800.0
2,0.8,2.5,left,0,0.05715,9.8,m,1.0101525445522106,800.0
3,1.2,2.5,left,0,0.05715,9.8,m,1.2371791482634835,800.0
4,1.2,2.5,right,1,0.05715,9.8,m,1.2371791482634835,800.0
5,0.8,2.5,right,0,0.05715,9.8,m,1.0101525445522106,800.0
6,0.8,1.5,right,1,0.05715,9.8,m,0.6060915267313264,800.0
7,1.2,1.5,left,0,0.05715,9.8,m,0.7423074889580902,800.0
